category,series,parent_product_id,parent_name,is_parent,variant_id,product_name,product_code,color,image_url,mrp,description,product_url,bullet_points
Faucets,Queen's,2446,Central Hole Basin Mixer,Parent,443,Central Hole Basin Mixer - Chrome,QQT-CHR-7167B,Chrome,https://www.jaquar.com/images/thumbs/0067208_central-hole-basin-mixer-chrome_960.jpeg,6700.00,"Central Hole Basin Mixer with Regular Spout without Popup Waste System with 450mm Long Braided Hoses
",https://www.jaquar.com/en/queens-basin-mixer?Id=2446,"Queen's, QQT-CHR-7167B, Chrome"
Faucets,Queen's,2446,Central Hole Basin Mixer,Variant,443,Central Hole Basin Mixer - Antique Bronze,QQT-ABR-7167B,Antique Bronze,https://www.jaquar.com/images/thumbs/0067260_central-hole-basin-mixer-antique-bronze_960.jpeg,11300.00,Central Hole Basin Mixer with Regular Spout without Popup Waste System with 450mm Long Braided Hoses,https://www.jaquar.com/en/queens-basin-mixer?Id=2446,"Queen's, QQT-ABR-7167B, Antique Bronze"
Faucets,Queen's,2446,Central Hole Basin Mixer,Variant,443,Central Hole Basin Mixer - Antique Copper,QQT-ACR-7167B,Antique Copper,https://www.jaquar.com/images/thumbs/0060483_central-hole-basin-mixer-antique-copper_960.jpeg,11300.00,Central Hole Basin Mixer with Regular Spout without Popup Waste System with 450mm Long Braided Hoses,https://www.jaquar.com/en/queens-basin-mixer?Id=2446,"Queen's, QQT-ACR-7167B, Antique Copper"
Faucets,Queen's,2446,Central Hole Basin Mixer,Variant,443,Central Hole Basin Mixer - Black Chrome,QQT-BCH-7167B,Black Chrome,https://www.jaquar.com/images/thumbs/0067231_central-hole-basin-mixer-black-chrome_960.jpeg,9900.00,Central Hole Basin Mixer with Regular Spout without Popup Waste System with 450mm Long Braided Hoses,https://www.jaquar.com/en/queens-basin-mixer?Id=2446,"Queen's, QQT-BCH-7167B, Black Chrome"
Faucets,Queen's,2446,Central Hole Basin Mixer,Variant,443,Central Hole Basin Mixer - Black Matt,QQT-BLM-7167B,Black Matt,https://www.jaquar.com/images/thumbs/0060482_central-hole-basin-mixer-black-matt_960.jpeg,9900.00,Central Hole Basin Mixer with Regular Spout without Popup Waste System with 450mm Long Braided Hoses,https://www.jaquar.com/en/queens-basin-mixer?Id=2446,"Queen's, QQT-BLM-7167B, Black Matt"
Faucets,Queen's,2446,Central Hole Basin Mixer,Variant,443,Central Hole Basin Mixer - Graphite,QQT-GRF-7167B,Graphite,https://www.jaquar.com/images/thumbs/0067180_central-hole-basin-mixer-graphite_960.jpeg,11300.00,Central Hole Basin Mixer with Regular Spout without Popup Waste System with 450mm Long Braided Hoses,https://www.jaquar.com/en/queens-basin-mixer?Id=2446,"Queen's, QQT-GRF-7167B, Graphite"
Faucets,Queen's,2446,Central Hole Basin Mixer,Variant,443,Central Hole Basin Mixer - Stainless Steel,QQT-SSF-7167B,Stainless Steel,https://www.jaquar.com/images/thumbs/0060481_central-hole-basin-mixer-stainless-steel_960.jpeg,11300.00,Central Hole Basin Mixer with Regular Spout without Popup Waste System with 450mm Long Braided Hoses,https://www.jaquar.com/en/queens-basin-mixer?Id=2446,"Queen's, QQT-SSF-7167B, Stainless Steel"
Faucets,Queen's,2457,Central Hole Basin Mixer with popup waste,Parent,1692,Central Hole Basin Mixer with popup waste - Chrome,QQT-CHR-7169B,Chrome,https://www.jaquar.com/images/thumbs/0067206_central-hole-basin-mixer-with-popup-waste-chrome_960.jpeg,7700.00,"Central Hole Basin Mixer with Regular
Spout with Popup Waste System with
450mm Long Braided Hoses",https://www.jaquar.com/en/queens-basin-mixer-with-pop-up-waste?Id=2457,"Queen's, QQT-CHR-7169B, Chrome"
Faucets,Queen's,2457,Central Hole Basin Mixer with popup waste,Variant,1692,Central Hole Basin Mixer with popup waste - Antique Bronze,QQT-ABR-7169B,Antique Bronze,https://www.jaquar.com/images/thumbs/0067259_central-hole-basin-mixer-with-popup-waste-antique-bronze_960.jpeg,13000.00,"Central Hole Basin Mixer with Regular
Spout with Popup Waste System with
450mm Long Braided Hoses",https://www.jaquar.com/en/queens-basin-mixer-with-pop-up-waste?Id=2457,"Queen's, QQT-ABR-7169B, Antique Bronze"
Faucets,Queen's,2457,Central Hole Basin Mixer with popup waste,Variant,1692,Central Hole Basin Mixer with popup waste - Antique Copper,QQT-ACR-7169B,Antique Copper,https://www.jaquar.com/images/thumbs/0060486_central-hole-basin-mixer-with-popup-waste-antique-copper_960.jpeg,13000.00,"Central Hole Basin Mixer with Regular
Spout with Popup Waste System with
450mm Long Braided Hoses",https://www.jaquar.com/en/queens-basin-mixer-with-pop-up-waste?Id=2457,"Queen's, QQT-ACR-7169B, Antique Copper"
Faucets,Queen's,2457,Central Hole Basin Mixer with popup waste,Variant,1692,Central Hole Basin Mixer with popup waste - Black Chrome,QQT-BCH-7169B,Black Chrome,https://www.jaquar.com/images/thumbs/0067230_central-hole-basin-mixer-with-popup-waste-black-chrome_960.jpeg,11400.00,"Central Hole Basin Mixer with Regular
Spout with Popup Waste System with
450mm Long Braided Hoses",https://www.jaquar.com/en/queens-basin-mixer-with-pop-up-waste?Id=2457,"Queen's, QQT-BCH-7169B, Black Chrome"
Faucets,Queen's,2457,Central Hole Basin Mixer with popup waste,Variant,1692,Central Hole Basin Mixer with popup waste - Black Matt,QQT-BLM-7169B,Black Matt,https://www.jaquar.com/images/thumbs/0060485_central-hole-basin-mixer-with-popup-waste-black-matt_960.jpeg,11400.00,"Central Hole Basin Mixer with Regular
Spout with Popup Waste System with
450mm Long Braided Hoses",https://www.jaquar.com/en/queens-basin-mixer-with-pop-up-waste?Id=2457,"Queen's, QQT-BLM-7169B, Black Matt"
Faucets,Queen's,2457,Central Hole Basin Mixer with popup waste,Variant,1692,Central Hole Basin Mixer with popup waste - Graphite,QQT-GRF-7169B,Graphite,https://www.jaquar.com/images/thumbs/0067179_central-hole-basin-mixer-with-popup-waste-graphite_960.jpeg,13000.00,"Central Hole Basin Mixer with Regular
Spout with Popup Waste System with
450mm Long Braided Hoses",https://www.jaquar.com/en/queens-basin-mixer-with-pop-up-waste?Id=2457,"Queen's, QQT-GRF-7169B, Graphite"
Faucets,Queen's,2457,Central Hole Basin Mixer with popup waste,Variant,1692,Central Hole Basin Mixer with popup waste - Stainless Steel,QQT-SSF-7169B,Stainless Steel,https://www.jaquar.com/images/thumbs/0060484_central-hole-basin-mixer-with-popup-waste-stainless-steel_960.jpeg,13000.00,"Central Hole Basin Mixer with Regular
Spout with Popup Waste System with
450mm Long Braided Hoses",https://www.jaquar.com/en/queens-basin-mixer-with-pop-up-waste?Id=2457,"Queen's, QQT-SSF-7169B, Stainless Steel"
Faucets,Queen's,2599,3-Hole Basin Mixer -Chrome,Parent,444,3-Hole Basin Mixer -Chrome,QQT-CHR-7189,Chrome,https://www.jaquar.com/images/thumbs/0059960_3-hole-basin-mixer-chrome_960.jpeg,7750.00,"3-Hole Basin Mixer without Popup Waste System
",https://www.jaquar.com/en/queens-3-hole-basin-mixer?Id=2599,"Queen's, QQT-CHR-7189, Chrome"
Faucets,Queen's,2599,3-Hole Basin Mixer -Chrome,Variant,444,3-Hole Basin Mixer -Antique Bronze,QQT-ABR-7189,Antique Bronze,https://www.jaquar.com/images/thumbs/0059968_3-hole-basin-mixer-antique-bronze_960.jpeg,12200.00,3-Hole Basin Mixer without Popup Waste System,https://www.jaquar.com/en/queens-3-hole-basin-mixer?Id=2599,"Queen's, QQT-ABR-7189, Antique Bronze"
Faucets,Queen's,2599,3-Hole Basin Mixer -Chrome,Variant,444,3-Hole Basin Mixer -Antique Copper,QQT-ACR-7189,Antique Copper,https://www.jaquar.com/images/thumbs/0059966_3-hole-basin-mixer-antique-copper_960.jpeg,12200.00,3-Hole Basin Mixer without Popup Waste System,https://www.jaquar.com/en/queens-3-hole-basin-mixer?Id=2599,"Queen's, QQT-ACR-7189, Antique Copper"
Faucets,Queen's,2599,3-Hole Basin Mixer -Chrome,Variant,444,3-Hole Basin Mixer -Black Chrome,QQT-BCH-7189,Black Chrome,https://www.jaquar.com/images/thumbs/0059964_3-hole-basin-mixer-black-chrome_960.jpeg,10600.00,3-Hole Basin Mixer without Popup Waste System,https://www.jaquar.com/en/queens-3-hole-basin-mixer?Id=2599,"Queen's, QQT-BCH-7189, Black Chrome"
Faucets,Queen's,2599,3-Hole Basin Mixer -Chrome,Variant,444,3-Hole Basin Mixer -Black Matt,QQT-BLM-7189,Black Matt,https://www.jaquar.com/images/thumbs/0059962_3-hole-basin-mixer-black-matt_960.jpeg,10600.00,3-Hole Basin Mixer without Popup Waste System,https://www.jaquar.com/en/queens-3-hole-basin-mixer?Id=2599,"Queen's, QQT-BLM-7189, Black Matt"
Faucets,Queen's,2599,3-Hole Basin Mixer -Chrome,Variant,444,3-Hole Basin Mixer -Graphite,QQT-GRF-7189,Graphite,https://www.jaquar.com/images/thumbs/0059959_3-hole-basin-mixer-graphite_960.jpeg,12200.00,3-Hole Basin Mixer without Popup Waste System,https://www.jaquar.com/en/queens-3-hole-basin-mixer?Id=2599,"Queen's, QQT-GRF-7189, Graphite"
Faucets,Queen's,2599,3-Hole Basin Mixer -Chrome,Variant,444,3-Hole Basin Mixer -Stainless Steel,QQT-SSF-7189,Stainless Steel,https://www.jaquar.com/images/thumbs/0059957_3-hole-basin-mixer-stainless-steel_960.jpeg,12200.00,3-Hole Basin Mixer without Popup Waste System,https://www.jaquar.com/en/queens-3-hole-basin-mixer?Id=2599,"Queen's, QQT-SSF-7189, Stainless Steel"
Faucets,Queen's,2609,3-Hole Basin Mixer,Parent,445,3-Hole Basin Mixer - Chrome,QQT-CHR-7191,Chrome,https://www.jaquar.com/images/thumbs/0059999_3-hole-basin-mixer-chrome_960.jpeg,8750.00,"3-Hole Basin Mixer with Popup Waste System
",https://www.jaquar.com/en/queens-3-hole-basin-mixer-popup-waste?Id=2609,"Queen's, QQT-CHR-7191, Chrome"
Faucets,Queen's,2609,3-Hole Basin Mixer,Variant,445,3-Hole Basin Mixer - Antique Bronze,QQT-ABR-7191,Antique Bronze,https://www.jaquar.com/images/thumbs/0059967_3-hole-basin-mixer-antique-bronze_960.jpeg,13800.00,"3-Hole Basin Mixer with Popup Waste System
",https://www.jaquar.com/en/queens-3-hole-basin-mixer-popup-waste?Id=2609,"Queen's, QQT-ABR-7191, Antique Bronze"
Faucets,Queen's,2609,3-Hole Basin Mixer,Variant,445,3-Hole Basin Mixer - Antique Copper,QQT-ACR-7191,Antique Copper,https://www.jaquar.com/images/thumbs/0059965_3-hole-basin-mixer-antique-copper_960.jpeg,13800.00,"3-Hole Basin Mixer with Popup Waste System
",https://www.jaquar.com/en/queens-3-hole-basin-mixer-popup-waste?Id=2609,"Queen's, QQT-ACR-7191, Antique Copper"
Faucets,Queen's,2609,3-Hole Basin Mixer,Variant,445,3-Hole Basin Mixer - Black Chrome,QQT-BCH-7191,Black Chrome,https://www.jaquar.com/images/thumbs/0059963_3-hole-basin-mixer-black-chrome_960.jpeg,12000.00,"3-Hole Basin Mixer with Popup Waste System
",https://www.jaquar.com/en/queens-3-hole-basin-mixer-popup-waste?Id=2609,"Queen's, QQT-BCH-7191, Black Chrome"
Faucets,Queen's,2609,3-Hole Basin Mixer,Variant,445,3-Hole Basin Mixer - Black Matt,QQT-BLM-7191,Black Matt,https://www.jaquar.com/images/thumbs/0059961_3-hole-basin-mixer-black-matt_960.jpeg,12000.00,"3-Hole Basin Mixer with Popup Waste System
",https://www.jaquar.com/en/queens-3-hole-basin-mixer-popup-waste?Id=2609,"Queen's, QQT-BLM-7191, Black Matt"
Faucets,Queen's,2609,3-Hole Basin Mixer,Variant,445,3-Hole Basin Mixer -Graphite,QQT-GRF-7191,Graphite,https://www.jaquar.com/images/thumbs/0059958_3-hole-basin-mixer-graphite_960.jpeg,13800.00,"3-Hole Basin Mixer with Popup Waste System
",https://www.jaquar.com/en/queens-3-hole-basin-mixer-popup-waste?Id=2609,"Queen's, QQT-GRF-7191, Graphite"
Faucets,Queen's,2609,3-Hole Basin Mixer,Variant,445,3-Hole Basin Mixer -Stainless Steel,QQT-SSF-7191,Stainless Steel,https://www.jaquar.com/images/thumbs/0059956_3-hole-basin-mixer-stainless-steel_960.jpeg,13800.00,"3-Hole Basin Mixer with Popup Waste System
",https://www.jaquar.com/en/queens-3-hole-basin-mixer-popup-waste?Id=2609,"Queen's, QQT-SSF-7191, Stainless Steel"
Faucets,Queen's,2434,Pillar Cock,Parent,446,Pillar Cock - Chrome,QQT-CHR-7011,Chrome,https://www.jaquar.com/images/thumbs/0067218_pillar-cock-chrome_960.jpeg,2925.00,Pillar Cock,https://www.jaquar.com/en/pillar-cock-queens?Id=2434,"Queen's, QQT-CHR-7011, Chrome"
Faucets,Queen's,2434,Pillar Cock,Variant,446,Pillar Cock - Antique Bronze,QQT-ABR-7011,Antique Bronze,https://www.jaquar.com/images/thumbs/0067265_pillar-cock-antique-bronze_960.jpeg,4900.00,Pillar Cock,https://www.jaquar.com/en/pillar-cock-queens?Id=2434,"Queen's, QQT-ABR-7011, Antique Bronze"
Faucets,Queen's,2434,Pillar Cock,Variant,446,Pillar Cock - Antique Copper,QQT-ACR-7011,Antique Copper,https://www.jaquar.com/images/thumbs/0067250_pillar-cock-antique-copper_960.jpeg,4900.00,Pillar Cock,https://www.jaquar.com/en/pillar-cock-queens?Id=2434,"Queen's, QQT-ACR-7011, Antique Copper"
Faucets,Queen's,2434,Pillar Cock,Variant,446,Pillar Cock -Black Chrome,QQT-BCH-7011,Black Chrome,https://www.jaquar.com/images/thumbs/0067235_pillar-cock-black-chrome_960.jpeg,4300.00,Pillar Cock,https://www.jaquar.com/en/pillar-cock-queens?Id=2434,"Queen's, QQT-BCH-7011, Black Chrome"
Faucets,Queen's,2434,Pillar Cock,Variant,446,Pillar Cock - Black Matt,QQT-BLM-7011,Black Matt,https://www.jaquar.com/images/thumbs/0060372_pillar-cock-black-matt_960.jpeg,4300.00,Pillar Cock,https://www.jaquar.com/en/pillar-cock-queens?Id=2434,"Queen's, QQT-BLM-7011, Black Matt"
Faucets,Queen's,2434,Pillar Cock,Variant,446,Pillar Cock - Graphite,QQT-GRF-7011,Graphite,https://www.jaquar.com/images/thumbs/0067186_pillar-cock-graphite_960.jpeg,4900.00,Pillar Cock,https://www.jaquar.com/en/pillar-cock-queens?Id=2434,"Queen's, QQT-GRF-7011, Graphite"
Faucets,Queen's,2434,Pillar Cock,Variant,446,Pillar Cock - Stainless Steel,QQT-SSF-7011,Stainless Steel,https://www.jaquar.com/images/thumbs/0067168_pillar-cock-stainless-steel_960.jpeg,4900.00,Pillar Cock,https://www.jaquar.com/en/pillar-cock-queens?Id=2434,"Queen's, QQT-SSF-7011, Stainless Steel"
Faucets,Queen's,5386,Shower Mixer for Shower Cubicles (Wall Mounted),Parent,447,Shower Mixer for Shower Cubicles (Wall Mounted) - Chrome,QQT-CHR-7209,Chrome,https://www.jaquar.com/images/thumbs/0067204_shower-mixer-for-shower-cubicles-wall-mounted-chrome_960.jpeg,5550.00,"Shower Mixer for Shower Cubicles (Wall Mounted) with Connecting Legs & Flanges
",https://www.jaquar.com/en/breach-mixer-queens?Id=5386,"Queen's, QQT-CHR-7209, Chrome"
Faucets,Queen's,5386,Shower Mixer for Shower Cubicles (Wall Mounted),Variant,447,Shower Mixer for Shower Cubicles (Wall Mounted) - Antique Bronze,QQT-ABR-7209,Antique Bronze,https://www.jaquar.com/images/thumbs/0067258_shower-mixer-for-shower-cubicles-wall-mounted-antique-bronze_960.jpeg,9350.00,"Shower Mixer for Shower Cubicles (Wall Mounted) with Connecting Legs & Flanges
",https://www.jaquar.com/en/breach-mixer-queens?Id=5386,"Queen's, QQT-ABR-7209, Antique Bronze"
Faucets,Queen's,5386,Shower Mixer for Shower Cubicles (Wall Mounted),Variant,447,Shower Mixer for Shower Cubicles (Wall Mounted) - Antique Copper,QQT-ACR-7209,Antique Copper,https://www.jaquar.com/images/thumbs/0067247_shower-mixer-for-shower-cubicles-wall-mounted-antique-copper_960.jpeg,9350.00,"Shower Mixer for Shower Cubicles (Wall Mounted) with Connecting Legs & Flanges
",https://www.jaquar.com/en/breach-mixer-queens?Id=5386,"Queen's, QQT-ACR-7209, Antique Copper"
Faucets,Queen's,5386,Shower Mixer for Shower Cubicles (Wall Mounted),Variant,447,Shower Mixer for Shower Cubicles (Wall Mounted) - Black Chrome,QQT-BCH-7209,Black Chrome,https://www.jaquar.com/images/thumbs/0067229_shower-mixer-for-shower-cubicles-wall-mounted-black-chrome_960.jpeg,8200.00,"Shower Mixer for Shower Cubicles (Wall Mounted) with Connecting Legs & Flanges
",https://www.jaquar.com/en/breach-mixer-queens?Id=5386,"Queen's, QQT-BCH-7209, Black Chrome"
Faucets,Queen's,5386,Shower Mixer for Shower Cubicles (Wall Mounted),Variant,447,Shower Mixer for Shower Cubicles (Wall Mounted) - Black Matt,QQT-BLM-7209,Black Matt,https://www.jaquar.com/images/thumbs/0052551_shower-mixer-for-shower-cubicles-wall-mounted-black-matt_960.jpeg,8200.00,"Shower Mixer for Shower Cubicles (Wall Mounted) with Connecting Legs & Flanges
",https://www.jaquar.com/en/breach-mixer-queens?Id=5386,"Queen's, QQT-BLM-7209, Black Matt"
Faucets,Queen's,5386,Shower Mixer for Shower Cubicles (Wall Mounted),Variant,447,Shower Mixer for Shower Cubicles (Wall Mounted) - Graphite,QQT-GRF-7209,Graphite,https://www.jaquar.com/images/thumbs/0067178_shower-mixer-for-shower-cubicles-wall-mounted-graphite_960.jpeg,9350.00,"Shower Mixer for Shower Cubicles (Wall Mounted) with Connecting Legs & Flanges
",https://www.jaquar.com/en/breach-mixer-queens?Id=5386,"Queen's, QQT-GRF-7209, Graphite"
Faucets,Queen's,5386,Shower Mixer for Shower Cubicles (Wall Mounted),Variant,447,Shower Mixer for Shower Cubicles (Wall Mounted) - Stainless Steel,QQT-SSF-7209,Stainless Steel,https://www.jaquar.com/images/thumbs/0060381_shower-mixer-for-shower-cubicles-wall-mounted-stainless-steel_960.jpeg,9350.00,"Shower Mixer for Shower Cubicles (Wall Mounted) with Connecting Legs & Flanges
",https://www.jaquar.com/en/breach-mixer-queens?Id=5386,"Queen's, QQT-SSF-7209, Stainless Steel"
Faucets,Queen's,5366,Exposed Wall Mixer,Parent,1939,Exposed Wall Mixer - Chrome,QQT-CHR-7215,Chrome,https://www.jaquar.com/images/thumbs/0067202_exposed-wall-mixer-chrome_960.jpeg,6750.00,"Exposed Wall Mixer with Provision Only for Overhead Shower & Hand Shower with Connecting Legs & Wall Flanges
",https://www.jaquar.com/en/exposed-queen-shower-mixer?Id=5366,"Queen's, QQT-CHR-7215, Chrome"
Faucets,Queen's,5366,Exposed Wall Mixer,Variant,1939,Exposed Wall Mixer - Antique Bronze,QQT-ABR-7215,Antique Bronze,https://www.jaquar.com/images/thumbs/0067257_exposed-wall-mixer-antique-bronze_960.jpeg,11400.00,"Exposed Wall Mixer with Provision Only for Overhead Shower & Hand Shower with Connecting Legs & Wall Flanges
",https://www.jaquar.com/en/exposed-queen-shower-mixer?Id=5366,"Queen's, QQT-ABR-7215, Antique Bronze"
Faucets,Queen's,5366,Exposed Wall Mixer,Variant,1939,Exposed Wall Mixer - Antique Copper,QQT-ACR-7215,Antique Copper,https://www.jaquar.com/images/thumbs/0067246_exposed-wall-mixer-antique-copper_960.jpeg,11400.00,"Exposed Wall Mixer with Provision Only for Overhead Shower & Hand Shower with Connecting Legs & Wall Flanges
",https://www.jaquar.com/en/exposed-queen-shower-mixer?Id=5366,"Queen's, QQT-ACR-7215, Antique Copper"
Faucets,Queen's,5366,Exposed Wall Mixer,Variant,1939,Exposed Wall Mixer - Black Chrome,QQT-BCH-7215,Black Chrome,https://www.jaquar.com/images/thumbs/0067228_exposed-wall-mixer-black-chrome_960.jpeg,9950.00,"Exposed Wall Mixer with Provision Only for Overhead Shower & Hand Shower with Connecting Legs & Wall Flanges
",https://www.jaquar.com/en/exposed-queen-shower-mixer?Id=5366,"Queen's, QQT-BCH-7215, Black Chrome"
Faucets,Queen's,5366,Exposed Wall Mixer,Variant,1939,Exposed Wall Mixer - Black Matt,QQT-BLM-7215,Black Matt,https://www.jaquar.com/images/thumbs/0060383_exposed-wall-mixer-black-matt_960.jpeg,9950.00,"Exposed Wall Mixer with Provision Only for Overhead Shower & Hand Shower with Connecting Legs & Wall Flanges
",https://www.jaquar.com/en/exposed-queen-shower-mixer?Id=5366,"Queen's, QQT-BLM-7215, Black Matt"
Faucets,Queen's,5366,Exposed Wall Mixer,Variant,1939,Exposed Wall Mixer - Graphite,QQT-GRF-7215,Graphite,https://www.jaquar.com/images/thumbs/0067177_exposed-wall-mixer-graphite_960.jpeg,11400.00,"Exposed Wall Mixer with Provision Only for Overhead Shower & Hand Shower with Connecting Legs & Wall Flanges
",https://www.jaquar.com/en/exposed-queen-shower-mixer?Id=5366,"Queen's, QQT-GRF-7215, Graphite"
Faucets,Queen's,5366,Exposed Wall Mixer,Variant,1939,Exposed Wall Mixer - Stainless Steel,QQT-SSF-7215,Stainless Steel,https://www.jaquar.com/images/thumbs/0060382_exposed-wall-mixer-stainless-steel_960.jpeg,11400.00,"Exposed Wall Mixer with Provision Only for Overhead Shower & Hand Shower with Connecting Legs & Wall Flanges
",https://www.jaquar.com/en/exposed-queen-shower-mixer?Id=5366,"Queen's, QQT-SSF-7215, Stainless Steel"
Faucets,Queen's,5396,Wall Mixer Non-Telephonic Shower Arrangement,Parent,448,Wall Mixer Non-Telephonic Shower Arrangement - Chrome,QQT-CHR-7219,Chrome,https://www.jaquar.com/images/thumbs/0067198_wall-mixer-non-telephonic-shower-arrangement-chrome_960.jpeg,6850.00,"Wall Mixer Non-Telephonic Shower Arrangement with Connecting Legs & Wall Flanges
",https://www.jaquar.com/en/queens-wall-mixer?Id=5396,"Queen's, QQT-CHR-7219, Chrome"
Faucets,Queen's,5396,Wall Mixer Non-Telephonic Shower Arrangement,Variant,448,Wall Mixer Non-Telephonic Shower Arrangement - Antique Bronze,QQT-ABR-7219,Antique Bronze,https://www.jaquar.com/images/thumbs/0067255_wall-mixer-non-telephonic-shower-arrangement-antique-bronze_960.jpeg,11500.00,"Wall Mixer Non-Telephonic Shower Arrangement with Connecting Legs & Wall Flanges
",https://www.jaquar.com/en/queens-wall-mixer?Id=5396,"Queen's, QQT-ABR-7219, Antique Bronze"
Faucets,Queen's,5396,Wall Mixer Non-Telephonic Shower Arrangement,Variant,448,Wall Mixer Non-Telephonic Shower Arrangement - Antique Copper,QQT-ACR-7219,Antique Copper,https://www.jaquar.com/images/thumbs/0067244_wall-mixer-non-telephonic-shower-arrangement-antique-copper_960.jpeg,11500.00,"Wall Mixer Non-Telephonic Shower Arrangement with Connecting Legs & Wall Flanges
",https://www.jaquar.com/en/queens-wall-mixer?Id=5396,"Queen's, QQT-ACR-7219, Antique Copper"
Faucets,Queen's,5396,Wall Mixer Non-Telephonic Shower Arrangement,Variant,448,Wall Mixer Non-Telephonic Shower Arrangement - Black Chrome,QQT-BCH-7219,Black Chrome,https://www.jaquar.com/images/thumbs/0067226_wall-mixer-non-telephonic-shower-arrangement-black-chrome_960.jpeg,10100.00,"Wall Mixer Non-Telephonic Shower Arrangement with Connecting Legs & Wall Flanges
",https://www.jaquar.com/en/queens-wall-mixer?Id=5396,"Queen's, QQT-BCH-7219, Black Chrome"
Faucets,Queen's,5396,Wall Mixer Non-Telephonic Shower Arrangement,Variant,448,Wall Mixer Non-Telephonic Shower Arrangement - Black Matt,QQT-BLM-7219,Black Matt,https://www.jaquar.com/images/thumbs/0060386_wall-mixer-non-telephonic-shower-arrangement-black-matt_960.jpeg,10100.00,"Wall Mixer Non-Telephonic Shower Arrangement with Connecting Legs & Wall Flanges
",https://www.jaquar.com/en/queens-wall-mixer?Id=5396,"Queen's, QQT-BLM-7219, Black Matt"
Faucets,Queen's,5396,Wall Mixer Non-Telephonic Shower Arrangement,Variant,448,Wall Mixer Non-Telephonic Shower Arrangement - Graphite,QQT-GRF-7219,Graphite,https://www.jaquar.com/images/thumbs/0067175_wall-mixer-non-telephonic-shower-arrangement-graphite_960.jpeg,11500.00,"Wall Mixer Non-Telephonic Shower Arrangement with Connecting Legs & Wall Flanges
",https://www.jaquar.com/en/queens-wall-mixer?Id=5396,"Queen's, QQT-GRF-7219, Graphite"
Faucets,Queen's,5396,Wall Mixer Non-Telephonic Shower Arrangement,Variant,448,Wall Mixer Non-Telephonic Shower Arrangement - Stainless Steel,QQT-SSF-7219,Stainless Steel,https://www.jaquar.com/images/thumbs/0060385_wall-mixer-non-telephonic-shower-arrangement-stainless-steel_960.jpeg,11500.00,"Wall Mixer Non-Telephonic Shower Arrangement with Connecting Legs & Wall Flanges
",https://www.jaquar.com/en/queens-wall-mixer?Id=5396,"Queen's, QQT-SSF-7219, Stainless Steel"
Faucets,Queen's,5376,Wall Mixer,Parent,449,Wall Mixer - Chrome,QQT-CHR-7217,Chrome,https://www.jaquar.com/images/thumbs/0067200_wall-mixer-chrome_960.jpeg,7850.00,"Wall Mixer with Telephone Shower Arrangement, Connecting Legs & Wall Flanges but without Crutch & Telephone Shower
",https://www.jaquar.com/en/queens-wall-mixer-with-telephonic-shower-provision?Id=5376,"Queen's, QQT-CHR-7217, Chrome"
Faucets,Queen's,5376,Wall Mixer,Variant,449,Wall Mixer - Antique Bronze,QQT-ABR-7217,Antique Bronze,https://www.jaquar.com/images/thumbs/0067256_wall-mixer-antique-bronze_960.jpeg,13200.00,"Wall Mixer with Telephone Shower Arrangement, Connecting Legs & Wall Flanges but without Crutch & Telephone Shower
",https://www.jaquar.com/en/queens-wall-mixer-with-telephonic-shower-provision?Id=5376,"Queen's, QQT-ABR-7217, Antique Bronze"
Faucets,Queen's,5376,Wall Mixer,Variant,449,Wall Mixer - Antique Copper,QQT-ACR-7217,Antique Copper,https://www.jaquar.com/images/thumbs/0067245_wall-mixer-antique-copper_960.jpeg,13200.00,"Wall Mixer with Telephone Shower Arrangement, Connecting Legs & Wall Flanges but without Crutch & Telephone Shower
",https://www.jaquar.com/en/queens-wall-mixer-with-telephonic-shower-provision?Id=5376,"Queen's, QQT-ACR-7217, Antique Copper"
Faucets,Queen's,5376,Wall Mixer,Variant,449,Wall Mixer - Black Chrome,QQT-BCH-7217,Black Chrome,https://www.jaquar.com/images/thumbs/0067227_wall-mixer-black-chrome_960.jpeg,11600.00,"Wall Mixer with Telephone Shower Arrangement, Connecting Legs & Wall Flanges but without Crutch & Telephone Shower
",https://www.jaquar.com/en/queens-wall-mixer-with-telephonic-shower-provision?Id=5376,"Queen's, QQT-BCH-7217, Black Chrome"
Faucets,Queen's,5376,Wall Mixer,Variant,449,Wall Mixer - Black Matt,QQT-BLM-7217,Black Matt,https://www.jaquar.com/images/thumbs/0052607_wall-mixer-black-matt_960.jpeg,11600.00,"Wall Mixer with Telephone Shower Arrangement, Connecting Legs & Wall Flanges but without Crutch & Telephone Shower
",https://www.jaquar.com/en/queens-wall-mixer-with-telephonic-shower-provision?Id=5376,"Queen's, QQT-BLM-7217, Black Matt"
Faucets,Queen's,5376,Wall Mixer,Variant,449,Wall Mixer - Graphite,QQT-GRF-7217,Graphite,https://www.jaquar.com/images/thumbs/0067176_wall-mixer-graphite_960.jpeg,13200.00,"Wall Mixer with Telephone Shower Arrangement, Connecting Legs & Wall Flanges but without Crutch & Telephone Shower
",https://www.jaquar.com/en/queens-wall-mixer-with-telephonic-shower-provision?Id=5376,"Queen's, QQT-GRF-7217, Graphite"
Faucets,Queen's,5376,Wall Mixer,Variant,449,Wall Mixer - Stainless Steel,QQT-SSF-7217,Stainless Steel,https://www.jaquar.com/images/thumbs/0060384_wall-mixer-stainless-steel_960.jpeg,13200.00,"Wall Mixer with Telephone Shower Arrangement, Connecting Legs & Wall Flanges but without Crutch & Telephone Shower
",https://www.jaquar.com/en/queens-wall-mixer-with-telephonic-shower-provision?Id=5376,"Queen's, QQT-SSF-7217, Stainless Steel"
Faucets,Queen's,5417,Bath Tub Mixer (Exposed Straight Legs),Parent,451,Bath Tub Mixer (Exposed Straight Legs) - Chrome,QQT-CHR-7271,Chrome,https://www.jaquar.com/images/thumbs/0027934_bath-tub-mixer-exposed-straight-legs-chrome_960.jpeg,10800.00,"Bath Tub Mixer (Exposed Straight Legs) with Telephone Shower Arrangement & Crutch (without Hand Shower and Shower Hose)
",https://www.jaquar.com/en/queens-bathtub-mixer-and-hand-shower-provision?Id=5417,"Queen's, QQT-CHR-7271, Chrome"
Faucets,Queen's,5417,Bath Tub Mixer (Exposed Straight Legs),Variant,451,Bath Tub Mixer (Exposed Straight Legs) - Antique Bronze,QQT-ABR-7271,Antique Bronze,https://www.jaquar.com/images/thumbs/0052056_bath-tub-mixer-exposed-straight-legs-antique-bronze_960.jpeg,18200.00,"Bath Tub Mixer (Exposed Straight Legs) with Telephone Shower Arrangement & Crutch (without Hand Shower and Shower Hose)
",https://www.jaquar.com/en/queens-bathtub-mixer-and-hand-shower-provision?Id=5417,"Queen's, QQT-ABR-7271, Antique Bronze"
Faucets,Queen's,5417,Bath Tub Mixer (Exposed Straight Legs),Variant,451,Bath Tub Mixer (Exposed Straight Legs) - Antique Copper,QQT-ACR-7271,Antique Copper,https://www.jaquar.com/images/thumbs/0069430_bath-tub-mixer-exposed-straight-legs-antique-copper_960.jpeg,18200.00,"Bath Tub Mixer (Exposed Straight Legs) with Telephone Shower Arrangement & Crutch (without Hand Shower and Shower Hose)
",https://www.jaquar.com/en/queens-bathtub-mixer-and-hand-shower-provision?Id=5417,"Queen's, QQT-ACR-7271, Antique Copper"
Faucets,Queen's,5417,Bath Tub Mixer (Exposed Straight Legs),Variant,451,Bath Tub Mixer (Exposed Straight Legs) - Black Chrome,QQT-BCH-7271,Black Chrome,https://www.jaquar.com/images/thumbs/0069431_bath-tub-mixer-exposed-straight-legs-black-chrome_960.jpeg,15900.00,"Bath Tub Mixer (Exposed Straight Legs) with Telephone Shower Arrangement & Crutch (without Hand Shower and Shower Hose)
",https://www.jaquar.com/en/queens-bathtub-mixer-and-hand-shower-provision?Id=5417,"Queen's, QQT-BCH-7271, Black Chrome"
Faucets,Queen's,5417,Bath Tub Mixer (Exposed Straight Legs),Variant,451,Bath Tub Mixer (Exposed Straight Legs) - Black Matt,QQT-BLM-7271,Black Matt,https://www.jaquar.com/images/thumbs/0069432_bath-tub-mixer-exposed-straight-legs-black-matt_960.jpeg,15900.00,"Bath Tub Mixer (Exposed Straight Legs) with Telephone Shower Arrangement & Crutch (without Hand Shower and Shower Hose)
",https://www.jaquar.com/en/queens-bathtub-mixer-and-hand-shower-provision?Id=5417,"Queen's, QQT-BLM-7271, Black Matt"
Faucets,Queen's,5417,Bath Tub Mixer (Exposed Straight Legs),Variant,451,Bath Tub Mixer (Exposed Straight Legs) - Graphite,QQT-GRF-7271,Graphite,https://www.jaquar.com/images/thumbs/0069433_bath-tub-mixer-exposed-straight-legs-graphite_960.jpeg,18200.00,"Bath Tub Mixer (Exposed Straight Legs) with Telephone Shower Arrangement & Crutch (without Hand Shower and Shower Hose)
",https://www.jaquar.com/en/queens-bathtub-mixer-and-hand-shower-provision?Id=5417,"Queen's, QQT-GRF-7271, Graphite"
Faucets,Queen's,5417,Bath Tub Mixer (Exposed Straight Legs),Variant,451,Bath Tub Mixer (Exposed Straight Legs) - Stainless Steel,QQT-SSF-7271,Stainless Steel,https://www.jaquar.com/images/thumbs/0069434_bath-tub-mixer-exposed-straight-legs-stainless-steel_960.jpeg,18200.00,"Bath Tub Mixer (Exposed Straight Legs) with Telephone Shower Arrangement & Crutch (without Hand Shower and Shower Hose)
",https://www.jaquar.com/en/queens-bathtub-mixer-and-hand-shower-provision?Id=5417,"Queen's, QQT-SSF-7271, Stainless Steel"
Faucets,Queen's,7612,Bath and Shower Mixer,Parent,1881,Bath and Shower Mixer - Chrome,QQT-CHR-7271HL,Chrome,https://www.jaquar.com/images/thumbs/0067196_bath-and-shower-mixer-chrome_960.jpeg,22400.00,"Bath and Shower Mixer with Telephonic Shower Crutch and 950mm High Rise Legs (without Shower & Shower Hose)
",https://www.jaquar.com/en/queens-bathtub-mixer-with-hand-shower-provision?Id=7612,"Queen's, QQT-CHR-7271HL, Chrome"
Faucets,Queen's,7612,Bath and Shower Mixer,Variant,1881,Bath and Shower Mixer - Antique Bronze,QQT-ABR-7271HL,Antique Bronze,https://www.jaquar.com/images/thumbs/0052415_bath-and-shower-mixer-antique-bronze_960.jpeg,37800.00,"Bath and Shower Mixer with Telephonic Shower Crutch and 950mm High Rise Legs (without Shower & Shower Hose)
",https://www.jaquar.com/en/queens-bathtub-mixer-with-hand-shower-provision?Id=7612,"Queen's, QQT-ABR-7271HL, Antique Bronze"
Faucets,Queen's,7612,Bath and Shower Mixer,Variant,1881,Bath and Shower Mixer - Antique Copper,QQT-ACR-7271HL,Antique Copper,https://www.jaquar.com/images/thumbs/0051756_bath-and-shower-mixer-antique-copper_960.jpeg,37800.00,"Bath and Shower Mixer with Telephonic Shower Crutch and 950mm High Rise Legs (without Shower & Shower Hose)
",https://www.jaquar.com/en/queens-bathtub-mixer-with-hand-shower-provision?Id=7612,"Queen's, QQT-ACR-7271HL, Antique Copper"
Faucets,Queen's,7612,Bath and Shower Mixer,Variant,1881,Bath and Shower Mixer - Black Chrome,QQT-BCH-7271HL,Black Chrome,https://www.jaquar.com/images/thumbs/0051757_bath-and-shower-mixer-black-chrome_960.jpeg,33000.00,"Bath and Shower Mixer with Telephonic Shower Crutch and 950mm High Rise Legs (without Shower & Shower Hose)
",https://www.jaquar.com/en/queens-bathtub-mixer-with-hand-shower-provision?Id=7612,"Queen's, QQT-BCH-7271HL, Black Chrome"
Faucets,Queen's,7612,Bath and Shower Mixer,Variant,1881,Bath and Shower Mixer - Black Matt,QQT-BLM-7271HL,Black Matt,https://www.jaquar.com/images/thumbs/0052416_bath-and-shower-mixer-black-matt_960.jpeg,33000.00,"Bath and Shower Mixer with Telephonic Shower Crutch and 950mm High Rise Legs (without Shower & Shower Hose)
",https://www.jaquar.com/en/queens-bathtub-mixer-with-hand-shower-provision?Id=7612,"Queen's, QQT-BLM-7271HL, Black Matt"
Faucets,Queen's,7612,Bath and Shower Mixer,Variant,1881,Bath and Shower Mixer - Graphite,QQT-GRF-7271HL,Graphite,https://www.jaquar.com/images/thumbs/0051761_bath-and-shower-mixer-graphite_960.jpeg,37800.00,"Bath and Shower Mixer with Telephonic Shower Crutch and 950mm High Rise Legs (without Shower & Shower Hose)
",https://www.jaquar.com/en/queens-bathtub-mixer-with-hand-shower-provision?Id=7612,"Queen's, QQT-GRF-7271HL, Graphite"
Faucets,Queen's,7612,Bath and Shower Mixer,Variant,1881,Bath and Shower Mixer - Stainless Steel,QQT-SSF-7271HL,Stainless Steel,https://www.jaquar.com/images/thumbs/0051762_bath-and-shower-mixer-stainless-steel_960.jpeg,37800.00,"Bath and Shower Mixer with Telephonic Shower Crutch and 950mm High Rise Legs (without Shower & Shower Hose)
",https://www.jaquar.com/en/queens-bathtub-mixer-with-hand-shower-provision?Id=7612,"Queen's, QQT-SSF-7271HL, Stainless Steel"
Faucets,Queen's,9502,Wall Mixer,Parent,452,Wall Mixer - Chrome,QQT-CHR-7273UPR,Chrome,https://www.jaquar.com/images/thumbs/0067194_wall-mixer-chrome_960.jpeg,8600.00,"Wall Mixer with Provision For Overhead Shower with 115mm Long Bend Pipe On Upper Side, Connecting Legs & Wall Flanges
",https://www.jaquar.com/en/queens-prime-sanitary-ware?Id=9502,"Queen's, QQT-CHR-7273UPR, Chrome"
Faucets,Queen's,9502,Wall Mixer,Variant,452,Wall Mixer - Antique Bronze,QQT-ABR-7273UPR,Antique Bronze,https://www.jaquar.com/images/thumbs/0052057_wall-mixer-antique-bronze_960.jpeg,14500.00,"Wall Mixer with Provision For Overhead Shower with 115mm Long Bend Pipe On Upper Side, Connecting Legs & Wall Flanges
",https://www.jaquar.com/en/queens-prime-sanitary-ware?Id=9502,"Queen's, QQT-ABR-7273UPR, Antique Bronze"
Faucets,Queen's,9502,Wall Mixer,Variant,452,Wall Mixer - Antique Copper,QQT-ACR-7273UPR,Antique Copper,https://www.jaquar.com/images/thumbs/0067242_wall-mixer-antique-copper_960.jpeg,14500.00,"Wall Mixer with Provision For Overhead Shower with 115mm Long Bend Pipe On Upper Side, Connecting Legs & Wall Flanges
",https://www.jaquar.com/en/queens-prime-sanitary-ware?Id=9502,"Queen's, QQT-ACR-7273UPR, Antique Copper"
Faucets,Queen's,9502,Wall Mixer,Variant,452,Wall Mixer - Black Chrome,QQT-BCH-7273UPR,Black Chrome,https://www.jaquar.com/images/thumbs/0067224_wall-mixer-black-chrome_960.jpeg,12700.00,"Wall Mixer with Provision For Overhead Shower with 115mm Long Bend Pipe On Upper Side, Connecting Legs & Wall Flanges
",https://www.jaquar.com/en/queens-prime-sanitary-ware?Id=9502,"Queen's, QQT-BCH-7273UPR, Black Chrome"
Faucets,Queen's,9502,Wall Mixer,Variant,452,Wall Mixer - Black Matt,QQT-BLM-7273UPR,Black Matt,https://www.jaquar.com/images/thumbs/0060496_wall-mixer-black-matt_960.jpeg,12700.00,"Wall Mixer with Provision For Overhead Shower with 115mm Long Bend Pipe On Upper Side, Connecting Legs & Wall Flanges
",https://www.jaquar.com/en/queens-prime-sanitary-ware?Id=9502,"Queen's, QQT-BLM-7273UPR, Black Matt"
Faucets,Queen's,9502,Wall Mixer,Variant,452,Wall Mixer - Graphite,QQT-GRF-7273UPR,Graphite,https://www.jaquar.com/images/thumbs/0067173_wall-mixer-graphite_960.jpeg,14500.00,"Wall Mixer with Provision For Overhead Shower with 115mm Long Bend Pipe On Upper Side, Connecting Legs & Wall Flanges
",https://www.jaquar.com/en/queens-prime-sanitary-ware?Id=9502,"Queen's, QQT-GRF-7273UPR, Graphite"
Faucets,Queen's,9502,Wall Mixer,Variant,452,Wall Mixer - Stainless Steel,QQT-SSF-7273UPR,Stainless Steel,https://www.jaquar.com/images/thumbs/0060495_wall-mixer-stainless-steel_960.jpeg,14500.00,"Wall Mixer with Provision For Overhead Shower with 115mm Long Bend Pipe On Upper Side, Connecting Legs & Wall Flanges
",https://www.jaquar.com/en/queens-prime-sanitary-ware?Id=9502,"Queen's, QQT-SSF-7273UPR, Stainless Steel"
Faucets,Queen's,7220,Wall Mixer 3-in-1 System,Parent,453,Wall Mixer 3-in-1 System - Chrome,QQT-CHR-7281,Chrome,https://www.jaquar.com/images/thumbs/0067192_wall-mixer-3-in-1-system-chrome_960.jpeg,9200.00,"Wall Mixer 3-in-1 System with Provision for both Hand Shower and Overhead Shower Complete with 115mm Long Bend Pipe, Connecting Legs & Wall Flange (without Hand & Overhead Shower)
",https://www.jaquar.com/en/queens-wall-mixer-with-overhead-and-hand-shower-provision?Id=7220,"Queen's, QQT-CHR-7281, Chrome"
Faucets,Queen's,7220,Wall Mixer 3-in-1 System,Variant,453,Wall Mixer 3-in-1 System - Antique Bronze,QQT-ABR-7281,Antique Bronze,https://www.jaquar.com/images/thumbs/0067254_wall-mixer-3-in-1-system-antique-bronze_960.jpeg,15500.00,"Wall Mixer 3-in-1 System with Provision for both Hand Shower and Overhead Shower Complete with 115mm Long Bend Pipe, Connecting Legs & Wall Flange (without Hand & Overhead Shower)
",https://www.jaquar.com/en/queens-wall-mixer-with-overhead-and-hand-shower-provision?Id=7220,"Queen's, QQT-ABR-7281, Antique Bronze"
Faucets,Queen's,7220,Wall Mixer 3-in-1 System,Variant,453,Wall Mixer 3-in-1 System - Antique Copper,QQT-ACR-7281,Antique Copper,https://www.jaquar.com/images/thumbs/0067241_wall-mixer-3-in-1-system-antique-copper_960.jpeg,15500.00,"Wall Mixer 3-in-1 System with Provision for both Hand Shower and Overhead Shower Complete with 115mm Long Bend Pipe, Connecting Legs & Wall Flange (without Hand & Overhead Shower)
",https://www.jaquar.com/en/queens-wall-mixer-with-overhead-and-hand-shower-provision?Id=7220,"Queen's, QQT-ACR-7281, Antique Copper"
Faucets,Queen's,7220,Wall Mixer 3-in-1 System,Variant,453,Wall Mixer 3-in-1 System - Black Chrome,QQT-BCH-7281,Black Chrome,https://www.jaquar.com/images/thumbs/0067223_wall-mixer-3-in-1-system-black-chrome_960.jpeg,13600.00,"Wall Mixer 3-in-1 System with Provision for both Hand Shower and Overhead Shower Complete with 115mm Long Bend Pipe, Connecting Legs & Wall Flange (without Hand & Overhead Shower)
",https://www.jaquar.com/en/queens-wall-mixer-with-overhead-and-hand-shower-provision?Id=7220,"Queen's, QQT-BCH-7281, Black Chrome"
Faucets,Queen's,7220,Wall Mixer 3-in-1 System,Variant,453,Wall Mixer 3-in-1 System - Black Matt,QQT-BLM-7281,Black Matt,https://www.jaquar.com/images/thumbs/0060277_wall-mixer-3-in-1-system-black-matt_960.jpeg,13600.00,"Wall Mixer 3-in-1 System with Provision for both Hand Shower and Overhead Shower Complete with 115mm Long Bend Pipe, Connecting Legs & Wall Flange (without Hand & Overhead Shower)
",https://www.jaquar.com/en/queens-wall-mixer-with-overhead-and-hand-shower-provision?Id=7220,"Queen's, QQT-BLM-7281, Black Matt"
Faucets,Queen's,7220,Wall Mixer 3-in-1 System,Variant,453,Wall Mixer 3-in-1 System - Graphite,QQT-GRF-7281,Graphite,https://www.jaquar.com/images/thumbs/0060497_wall-mixer-3-in-1-system-graphite_960.jpeg,15500.00,"Wall Mixer 3-in-1 System with Provision for both Hand Shower and Overhead Shower Complete with 115mm Long Bend Pipe, Connecting Legs & Wall Flange (without Hand & Overhead Shower)
",https://www.jaquar.com/en/queens-wall-mixer-with-overhead-and-hand-shower-provision?Id=7220,"Queen's, QQT-GRF-7281, Graphite"
Faucets,Queen's,7220,Wall Mixer 3-in-1 System,Variant,453,Wall Mixer 3-in-1 System - Stainless Steel,QQT-SSF-7281,Stainless Steel,https://www.jaquar.com/images/thumbs/0060387_wall-mixer-3-in-1-system-stainless-steel_960.jpeg,15500.00,"Wall Mixer 3-in-1 System with Provision for both Hand Shower and Overhead Shower Complete with 115mm Long Bend Pipe, Connecting Legs & Wall Flange (without Hand & Overhead Shower)
",https://www.jaquar.com/en/queens-wall-mixer-with-overhead-and-hand-shower-provision?Id=7220,"Queen's, QQT-SSF-7281, Stainless Steel"
Faucets,Queen's,5356,Bath Tub Filler,Parent,454,Bath Tub Filler - Chrome,QQT-CHR-7095,Chrome,https://www.jaquar.com/images/thumbs/0067210_bath-tub-filler-chrome_960.jpeg,9350.00,"Bath Tub Filler Consisting of 2 Control Cocks and One Spout
",https://www.jaquar.com/en/bath-tub-filler?Id=5356,"Queen's, QQT-CHR-7095, Chrome"
Faucets,Queen's,5356,Bath Tub Filler,Variant,454,Bath Tub Filler - Antique Bronze,QQT-ABR-7095,Antique Bronze,https://www.jaquar.com/images/thumbs/0067261_bath-tub-filler-antique-bronze_960.jpeg,14800.00,"Bath Tub Filler Consisting of 2 Control Cocks and One Spout
",https://www.jaquar.com/en/bath-tub-filler?Id=5356,"Queen's, QQT-ABR-7095, Antique Bronze"
Faucets,Queen's,5356,Bath Tub Filler,Variant,454,Bath Tub Filler - Antique Copper,QQT-ACR-7095,Antique Copper,https://www.jaquar.com/images/thumbs/0060380_bath-tub-filler-antique-copper_960.jpeg,14800.00,"Bath Tub Filler Consisting of 2 Control Cocks and One Spout
",https://www.jaquar.com/en/bath-tub-filler?Id=5356,"Queen's, QQT-ACR-7095, Antique Copper"
Faucets,Queen's,5356,Bath Tub Filler,Variant,454,Bath Tub Filler - Black Chrome,QQT-BCH-7095,Black Chrome,https://www.jaquar.com/images/thumbs/0060379_bath-tub-filler-black-chrome_960.jpeg,12800.00,"Bath Tub Filler Consisting of 2 Control Cocks and One Spout
",https://www.jaquar.com/en/bath-tub-filler?Id=5356,"Queen's, QQT-BCH-7095, Black Chrome"
Faucets,Queen's,5356,Bath Tub Filler,Variant,454,Bath Tub Filler - Black Matt,QQT-BLM-7095,Black Matt,https://www.jaquar.com/images/thumbs/0052412_bath-tub-filler-black-matt_960.jpeg,12800.00,"Bath Tub Filler Consisting of 2 Control Cocks and One Spout
",https://www.jaquar.com/en/bath-tub-filler?Id=5356,"Queen's, QQT-BLM-7095, Black Matt"
Faucets,Queen's,5356,Bath Tub Filler,Variant,454,Bath Tub Filler - Graphite,QQT-GRF-7095,Graphite,https://www.jaquar.com/images/thumbs/0067181_bath-tub-filler-graphite_960.jpeg,14800.00,"Bath Tub Filler Consisting of 2 Control Cocks and One Spout
",https://www.jaquar.com/en/bath-tub-filler?Id=5356,"Queen's, QQT-GRF-7095, Graphite"
Faucets,Queen's,5356,Bath Tub Filler,Variant,454,Bath Tub Filler - Stainless Steel,QQT-SSF-7095,Stainless Steel,https://www.jaquar.com/images/thumbs/0060378_bath-tub-filler-stainless-steel_960.jpeg,14800.00,"Bath Tub Filler Consisting of 2 Control Cocks and One Spout
",https://www.jaquar.com/en/bath-tub-filler?Id=5356,"Queen's, QQT-SSF-7095, Stainless Steel"
Faucets,Queen's,6962,4-Hole Bath Tub Mixer,Parent,455,4-Hole Bath Tub Mixer - Chrome,QQT-CHR-7277,Chrome,https://www.jaquar.com/images/thumbs/0035746_4-hole-bath-tub-mixer-chrome_960.png,12500.00,"4-Hole Bath Tub Mixer consisting of 2 No. Control Cocks, 1 Spout, 1 Telephone Shower with 8mm Dia. & 1.5M Long Flexible Tube
",https://www.jaquar.com/en/bath-tub-mixer-queens-with-handshower?Id=6962,"Queen's, QQT-CHR-7277, Chrome"
Faucets,Queen's,6962,4-Hole Bath Tub Mixer,Variant,455,4-Hole Bath Tub Mixer - Antique Bronze,QQT-ABR-7277,Antique Bronze,https://www.jaquar.com/images/thumbs/0052975_4-hole-bath-tub-mixer-antique-bronze_960.jpeg,19800.00,"4-Hole Bath Tub Mixer consisting of 2 No. Control Cocks, 1 Spout, 1 Telephone Shower with 8mm Dia. & 1.5M Long Flexible Tube
",https://www.jaquar.com/en/bath-tub-mixer-queens-with-handshower?Id=6962,"Queen's, QQT-ABR-7277, Antique Bronze"
Faucets,Queen's,6962,4-Hole Bath Tub Mixer,Variant,455,4-Hole Bath Tub Mixer - Antique Copper,QQT-ACR-7277,Antique Copper,https://www.jaquar.com/images/thumbs/0052976_4-hole-bath-tub-mixer-antique-copper_960.jpeg,19800.00,"4-Hole Bath Tub Mixer consisting of 2 No. Control Cocks, 1 Spout, 1 Telephone Shower with 8mm Dia. & 1.5M Long Flexible Tube
",https://www.jaquar.com/en/bath-tub-mixer-queens-with-handshower?Id=6962,"Queen's, QQT-ACR-7277, Antique Copper"
Faucets,Queen's,6962,4-Hole Bath Tub Mixer,Variant,455,4-Hole Bath Tub Mixer - Black Chrome,QQT-BCH-7277,Black Chrome,https://www.jaquar.com/images/thumbs/0052977_4-hole-bath-tub-mixer-black-chrome_960.jpeg,17100.00,"4-Hole Bath Tub Mixer consisting of 2 No. Control Cocks, 1 Spout, 1 Telephone Shower with 8mm Dia. & 1.5M Long Flexible Tube
",https://www.jaquar.com/en/bath-tub-mixer-queens-with-handshower?Id=6962,"Queen's, QQT-BCH-7277, Black Chrome"
Faucets,Queen's,6962,4-Hole Bath Tub Mixer,Variant,455,4-Hole Bath Tub Mixer - Black Matt,QQT-BLM-7277,Black Matt,https://www.jaquar.com/images/thumbs/0052978_4-hole-bath-tub-mixer-black-matt_960.jpeg,17100.00,"4-Hole Bath Tub Mixer consisting of 2 No. Control Cocks, 1 Spout, 1 Telephone Shower with 8mm Dia. & 1.5M Long Flexible Tube
",https://www.jaquar.com/en/bath-tub-mixer-queens-with-handshower?Id=6962,"Queen's, QQT-BLM-7277, Black Matt"
Faucets,Queen's,6962,4-Hole Bath Tub Mixer,Variant,455,4-Hole Bath Tub Mixer - Graphite,QQT-GRF-7277,Graphite,https://www.jaquar.com/images/thumbs/0052981_4-hole-bath-tub-mixer-graphite_960.jpeg,19800.00,"4-Hole Bath Tub Mixer consisting of 2 No. Control Cocks, 1 Spout, 1 Telephone Shower with 8mm Dia. & 1.5M Long Flexible Tube
",https://www.jaquar.com/en/bath-tub-mixer-queens-with-handshower?Id=6962,"Queen's, QQT-GRF-7277, Graphite"
Faucets,Queen's,6962,4-Hole Bath Tub Mixer,Variant,455,4-Hole Bath Tub Mixer - Stainless Steel,QQT-SSF-7277,Stainless Steel,https://www.jaquar.com/images/thumbs/0052982_4-hole-bath-tub-mixer-stainless-steel_960.jpeg,19800.00,"4-Hole Bath Tub Mixer consisting of 2 No. Control Cocks, 1 Spout, 1 Telephone Shower with 8mm Dia. & 1.5M Long Flexible Tube
",https://www.jaquar.com/en/bath-tub-mixer-queens-with-handshower?Id=6962,"Queen's, QQT-SSF-7277, Stainless Steel"
Faucets,Queen's,5427,4-Way Diverter for Concealed Fitting,Parent,456,4-Way Diverter for Concealed Fitting - Chrome,QQT-CHR-7421,Chrome,https://www.jaquar.com/images/thumbs/0060392_4-way-diverter-for-concealed-fitting-chrome_960.jpeg,4250.00,"4-Way Divertor for Concealed Fitting with Built-in Non-Return Valves with Divertor Handle
",https://www.jaquar.com/en/queen-4-way-diverter?Id=5427,"Queen's, QQT-CHR-7421, Chrome"
Faucets,Queen's,5427,4-Way Diverter for Concealed Fitting,Variant,456,4-Way Diverter for Concealed Fitting - Antique Bronze,QQT-ABR-7421,Antique Bronze,https://www.jaquar.com/images/thumbs/0052422_4-way-diverter-for-concealed-fitting-antique-bronze_960.jpeg,6700.00,"4-Way Divertor for Concealed Fitting with Built-in Non-Return Valves with Divertor Handle
",https://www.jaquar.com/en/queen-4-way-diverter?Id=5427,"Queen's, QQT-ABR-7421, Antique Bronze"
Faucets,Queen's,5427,4-Way Diverter for Concealed Fitting,Variant,456,4-Way Diverter for Concealed Fitting - Antique Copper,QQT-ACR-7421,Antique Copper,https://www.jaquar.com/images/thumbs/0067237_4-way-diverter-for-concealed-fitting-antique-copper_960.jpeg,6700.00,"4-Way Divertor for Concealed Fitting with Built-in Non-Return Valves with Divertor Handle
",https://www.jaquar.com/en/queen-4-way-diverter?Id=5427,"Queen's, QQT-ACR-7421, Antique Copper"
Faucets,Queen's,5427,4-Way Diverter for Concealed Fitting,Variant,456,4-Way Diverter for Concealed Fitting - Black Chrome,QQT-BCH-7421,Black Chrome,https://www.jaquar.com/images/thumbs/0060393_4-way-diverter-for-concealed-fitting-black-chrome_960.jpeg,5800.00,"4-Way Divertor for Concealed Fitting with Built-in Non-Return Valves with Divertor Handle
",https://www.jaquar.com/en/queen-4-way-diverter?Id=5427,"Queen's, QQT-BCH-7421, Black Chrome"
Faucets,Queen's,5427,4-Way Diverter for Concealed Fitting,Variant,456,4-Way Diverter for Concealed Fitting - Black Matt,QQT-BLM-7421,Black Matt,https://www.jaquar.com/images/thumbs/0052423_4-way-diverter-for-concealed-fitting-black-matt_960.jpeg,5800.00,"4-Way Divertor for Concealed Fitting with Built-in Non-Return Valves with Divertor Handle
",https://www.jaquar.com/en/queen-4-way-diverter?Id=5427,"Queen's, QQT-BLM-7421, Black Matt"
Faucets,Queen's,5427,4-Way Diverter for Concealed Fitting,Variant,456,4-Way Diverter for Concealed Fitting - Graphite,QQT-GRF-7421,Graphite,https://www.jaquar.com/images/thumbs/0067169_4-way-diverter-for-concealed-fitting-graphite_960.jpeg,6700.00,"4-Way Divertor for Concealed Fitting with Built-in Non-Return Valves with Divertor Handle
",https://www.jaquar.com/en/queen-4-way-diverter?Id=5427,"Queen's, QQT-GRF-7421, Graphite"
Faucets,Queen's,5427,4-Way Diverter for Concealed Fitting,Variant,456,4-Way Diverter for Concealed Fitting - Stainless Steel,QQT-SSF-7421,Stainless Steel,https://www.jaquar.com/images/thumbs/0067163_4-way-diverter-for-concealed-fitting-stainless-steel_960.jpeg,6700.00,"4-Way Divertor for Concealed Fitting with Built-in Non-Return Valves with Divertor Handle
",https://www.jaquar.com/en/queen-4-way-diverter?Id=5427,"Queen's, QQT-SSF-7421, Stainless Steel"
Faucets,Queen's,5437,1 Hole Bidet Mixer,Parent,457,1 Hole Bidet Mixer - Chrome,QQT-CHR-7613B,Chrome,https://www.jaquar.com/images/thumbs/0067188_1-hole-bidet-mixer-chrome_960.jpeg,7800.00,"1 - Hole Bidet Mixer with Popup Waste System with 375mm Long Braided Hoses
",https://www.jaquar.com/en/double-lever-bidet-mixer-queens?Id=5437,"Queen's, QQT-CHR-7613B, Chrome"
Faucets,Queen's,5437,1 Hole Bidet Mixer,Variant,457,1 Hole Bidet Mixer - Antique Bronze,QQT-ABR-7613B,Antique Bronze,https://www.jaquar.com/images/thumbs/0052058_1-hole-bidet-mixer-antique-bronze_960.jpeg,13200.00,"1 - Hole Bidet Mixer with Popup Waste System with 375mm Long Braided Hoses
",https://www.jaquar.com/en/double-lever-bidet-mixer-queens?Id=5437,"Queen's, QQT-ABR-7613B, Antique Bronze"
Faucets,Queen's,5437,1 Hole Bidet Mixer,Variant,457,1 Hole Bidet Mixer - Antique Copper,QQT-ACR-7613B,Antique Copper,https://www.jaquar.com/images/thumbs/0067236_1-hole-bidet-mixer-antique-copper_960.jpeg,13200.00,"1 - Hole Bidet Mixer with Popup Waste System with 375mm Long Braided Hoses
",https://www.jaquar.com/en/double-lever-bidet-mixer-queens?Id=5437,"Queen's, QQT-ACR-7613B, Antique Copper"
Faucets,Queen's,5437,1 Hole Bidet Mixer,Variant,457,1 Hole Bidet Mixer - Black Chrome,QQT-BCH-7613B,Black Chrome,https://www.jaquar.com/images/thumbs/0067220_1-hole-bidet-mixer-black-chrome_960.jpeg,11500.00,"1 - Hole Bidet Mixer with Popup Waste System with 375mm Long Braided Hoses
",https://www.jaquar.com/en/double-lever-bidet-mixer-queens?Id=5437,"Queen's, QQT-BCH-7613B, Black Chrome"
Faucets,Queen's,5437,1 Hole Bidet Mixer,Variant,457,1 Hole Bidet Mixer - Black Matt,QQT-BLM-7613B,Black Matt,https://www.jaquar.com/images/thumbs/0060559_1-hole-bidet-mixer-black-matt_960.jpeg,11500.00,"1 - Hole Bidet Mixer with Popup Waste System with 375mm Long Braided Hoses
",https://www.jaquar.com/en/double-lever-bidet-mixer-queens?Id=5437,"Queen's, QQT-BLM-7613B, Black Matt"
Faucets,Queen's,5437,1 Hole Bidet Mixer,Variant,457,1 Hole Bidet Mixer - Graphite,QQT-GRF-7613B,Graphite,https://www.jaquar.com/images/thumbs/0067167_1-hole-bidet-mixer-graphite_960.jpeg,13200.00,"1 - Hole Bidet Mixer with Popup Waste System with 375mm Long Braided Hoses
",https://www.jaquar.com/en/double-lever-bidet-mixer-queens?Id=5437,"Queen's, QQT-GRF-7613B, Graphite"
Faucets,Queen's,5437,1 Hole Bidet Mixer,Variant,457,1 Hole Bidet Mixer - Stainless Steel,QQT-SSF-7613B,Stainless Steel,https://www.jaquar.com/images/thumbs/0060558_1-hole-bidet-mixer-stainless-steel_960.jpeg,13200.00,"1 - Hole Bidet Mixer with Popup Waste System with 375mm Long Braided Hoses
",https://www.jaquar.com/en/double-lever-bidet-mixer-queens?Id=5437,"Queen's, QQT-SSF-7613B, Stainless Steel"
Faucets,Queen's,6963,Sink Mixer,Parent,459,Sink Mixer - Chrome,QQT-CHR-7309,Chrome,https://www.jaquar.com/images/thumbs/0067190_sink-mixer-chrome_960.jpeg,7000.00,"Sink Mixer with Regular Swinging Spout (Wall Mounted Model) with Connecting Legs & Wall Flanges
",https://www.jaquar.com/en/queens-double-lever-wall-sink-mixer?Id=6963,"Queen's, QQT-CHR-7309, Chrome"
Faucets,Queen's,6963,Sink Mixer,Variant,459,Sink Mixer - Antique Bronze,QQT-ABR-7309,Antique Bronze,https://www.jaquar.com/images/thumbs/0067253_sink-mixer-antique-bronze_960.jpeg,11800.00,"Sink Mixer with Regular Swinging Spout (Wall Mounted Model) with Connecting Legs & Wall Flanges
",https://www.jaquar.com/en/queens-double-lever-wall-sink-mixer?Id=6963,"Queen's, QQT-ABR-7309, Antique Bronze"
Faucets,Queen's,6963,Sink Mixer,Variant,459,Sink Mixer - Antique Copper,QQT-ACR-7309,Antique Copper,https://www.jaquar.com/images/thumbs/0067240_sink-mixer-antique-copper_960.jpeg,11800.00,"Sink Mixer with Regular Swinging Spout (Wall Mounted Model) with Connecting Legs & Wall Flanges
",https://www.jaquar.com/en/queens-double-lever-wall-sink-mixer?Id=6963,"Queen's, QQT-ACR-7309, Antique Copper"
Faucets,Queen's,6963,Sink Mixer,Variant,459,Sink Mixer - Black Chrome,QQT-BCH-7309,Black Chrome,https://www.jaquar.com/images/thumbs/0067222_sink-mixer-black-chrome_960.jpeg,10300.00,"Sink Mixer with Regular Swinging Spout (Wall Mounted Model) with Connecting Legs & Wall Flanges
",https://www.jaquar.com/en/queens-double-lever-wall-sink-mixer?Id=6963,"Queen's, QQT-BCH-7309, Black Chrome"
Faucets,Queen's,6963,Sink Mixer,Variant,459,Sink Mixer - Black Matt,QQT-BLM-7309,Black Matt,https://www.jaquar.com/images/thumbs/0060389_sink-mixer-black-matt_960.jpeg,10300.00,"Sink Mixer with Regular Swinging Spout (Wall Mounted Model) with Connecting Legs & Wall Flanges
",https://www.jaquar.com/en/queens-double-lever-wall-sink-mixer?Id=6963,"Queen's, QQT-BLM-7309, Black Matt"
Faucets,Queen's,6963,Sink Mixer,Variant,459,Sink Mixer - Graphite,QQT-GRF-7309,Graphite,https://www.jaquar.com/images/thumbs/0067172_sink-mixer-graphite_960.jpeg,11800.00,"Sink Mixer with Regular Swinging Spout (Wall Mounted Model) with Connecting Legs & Wall Flanges
",https://www.jaquar.com/en/queens-double-lever-wall-sink-mixer?Id=6963,"Queen's, QQT-GRF-7309, Graphite"
Faucets,Queen's,6963,Sink Mixer,Variant,459,Sink Mixer - Stainless Steel,QQT-SSF-7309,Stainless Steel,https://www.jaquar.com/images/thumbs/0060388_sink-mixer-stainless-steel_960.jpeg,11800.00,"Sink Mixer with Regular Swinging Spout (Wall Mounted Model) with Connecting Legs & Wall Flanges
",https://www.jaquar.com/en/queens-double-lever-wall-sink-mixer?Id=6963,"Queen's, QQT-SSF-7309, Stainless Steel"
Faucets,Queen's,7221,"Sink Mixer, 1-Hole",Parent,460,"Sink Mixer, 1-Hole - Chrome",QQT-CHR-7319B,Chrome,https://www.jaquar.com/images/thumbs/0060502_sink-mixer-1-hole-chrome_960.jpeg,6800.00,"Sink Mixer, 1-Hole with Regular Spout (Table Mounted Model) with 450mm Long Braided Hoses
",https://www.jaquar.com/en/queens-double-lever-sink-mixer-1-hole?Id=7221,"Queen's, QQT-CHR-7319B, Chrome"
Faucets,Queen's,7221,"Sink Mixer, 1-Hole",Variant,460,"Sink Mixer, 1-Hole - Antique Bronze",QQT-ABR-7319B,Antique Bronze,https://www.jaquar.com/images/thumbs/0067252_sink-mixer-1-hole-antique-bronze_960.jpeg,11500.00,"Sink Mixer, 1-Hole with Regular Spout (Table Mounted Model) with 450mm Long Braided Hoses
",https://www.jaquar.com/en/queens-double-lever-sink-mixer-1-hole?Id=7221,"Queen's, QQT-ABR-7319B, Antique Bronze"
Faucets,Queen's,7221,"Sink Mixer, 1-Hole",Variant,460,"Sink Mixer, 1-Hole - Antique Copper",QQT-ACR-7319B,Antique Copper,https://www.jaquar.com/images/thumbs/0067239_sink-mixer-1-hole-antique-copper_960.jpeg,11500.00,"Sink Mixer, 1-Hole with Regular Spout (Table Mounted Model) with 450mm Long Braided Hoses
",https://www.jaquar.com/en/queens-double-lever-sink-mixer-1-hole?Id=7221,"Queen's, QQT-ACR-7319B, Antique Copper"
Faucets,Queen's,7221,"Sink Mixer, 1-Hole",Variant,460,"Sink Mixer, 1-Hole - Black Chrome",QQT-BCH-7319B,Black Chrome,https://www.jaquar.com/images/thumbs/0060553_sink-mixer-1-hole-black-chrome_960.jpeg,10000.00,"Sink Mixer, 1-Hole with Regular Spout (Table Mounted Model) with 450mm Long Braided Hoses
",https://www.jaquar.com/en/queens-double-lever-sink-mixer-1-hole?Id=7221,"Queen's, QQT-BCH-7319B, Black Chrome"
Faucets,Queen's,7221,"Sink Mixer, 1-Hole",Variant,460,"Sink Mixer, 1-Hole - Black Matt",QQT-BLM-7319B,Black Matt,https://www.jaquar.com/images/thumbs/0060503_sink-mixer-1-hole-black-matt_960.jpeg,10000.00,"Sink Mixer, 1-Hole with Regular Spout (Table Mounted Model) with 450mm Long Braided Hoses
",https://www.jaquar.com/en/queens-double-lever-sink-mixer-1-hole?Id=7221,"Queen's, QQT-BLM-7319B, Black Matt"
Faucets,Queen's,7221,"Sink Mixer, 1-Hole",Variant,460,"Sink Mixer, 1-Hole - Graphite",QQT-GRF-7319B,Graphite,https://www.jaquar.com/images/thumbs/0067171_sink-mixer-1-hole-graphite_960.jpeg,11500.00,"Sink Mixer, 1-Hole with Regular Spout (Table Mounted Model) with 450mm Long Braided Hoses
",https://www.jaquar.com/en/queens-double-lever-sink-mixer-1-hole?Id=7221,"Queen's, QQT-GRF-7319B, Graphite"
Faucets,Queen's,7221,"Sink Mixer, 1-Hole",Variant,460,"Sink Mixer, 1-Hole - Stainless Steel",QQT-SSF-7319B,Stainless Steel,https://www.jaquar.com/images/thumbs/0060500_sink-mixer-1-hole-stainless-steel_960.jpeg,11500.00,"Sink Mixer, 1-Hole with Regular Spout (Table Mounted Model) with 450mm Long Braided Hoses
",https://www.jaquar.com/en/queens-double-lever-sink-mixer-1-hole?Id=7221,"Queen's, QQT-SSF-7319B, Stainless Steel"
Faucets,Queen's,5407,Sink Cock,Parent,461,Sink Cock - Chrome,QQT-CHR-7347,Chrome,https://www.jaquar.com/images/thumbs/0027906_sink-cock-chrome_960.jpeg,3900.00,"Sink Cock with Regular Swinging Spout (Wall Mounted Model) with Wall Flange
",https://www.jaquar.com/en/wall-sink-cock-queens?Id=5407,"Queen's, QQT-CHR-7347, Chrome"
Faucets,Queen's,5407,Sink Cock,Variant,461,Sink Cock - Antique Bronze,QQT-ABR-7347,Antique Bronze,https://www.jaquar.com/images/thumbs/0067251_sink-cock-antique-bronze_960.jpeg,6600.00,"Sink Cock with Regular Swinging Spout (Wall Mounted Model) with Wall Flange
",https://www.jaquar.com/en/wall-sink-cock-queens?Id=5407,"Queen's, QQT-ABR-7347, Antique Bronze"
Faucets,Queen's,5407,Sink Cock,Variant,461,Sink Cock - Antique Copper,QQT-ACR-7347,Antique Copper,https://www.jaquar.com/images/thumbs/0067238_sink-cock-antique-copper_960.jpeg,6600.00,"Sink Cock with Regular Swinging Spout (Wall Mounted Model) with Wall Flange
",https://www.jaquar.com/en/wall-sink-cock-queens?Id=5407,"Queen's, QQT-ACR-7347, Antique Copper"
Faucets,Queen's,5407,Sink Cock,Variant,461,Sink Cock - Black Chrome,QQT-BCH-7347,Black Chrome,https://www.jaquar.com/images/thumbs/0067221_sink-cock-black-chrome_960.jpeg,5750.00,"Sink Cock with Regular Swinging Spout (Wall Mounted Model) with Wall Flange
",https://www.jaquar.com/en/wall-sink-cock-queens?Id=5407,"Queen's, QQT-BCH-7347, Black Chrome"
Faucets,Queen's,5407,Sink Cock,Variant,461,Sink Cock - Black Matt,QQT-BLM-7347,Black Matt,https://www.jaquar.com/images/thumbs/0052609_sink-cock-black-matt_960.jpeg,5750.00,"Sink Cock with Regular Swinging Spout (Wall Mounted Model) with Wall Flange
",https://www.jaquar.com/en/wall-sink-cock-queens?Id=5407,"Queen's, QQT-BLM-7347, Black Matt"
Faucets,Queen's,5407,Sink Cock,Variant,461,Sink Cock - Graphite,QQT-GRF-7347,Graphite,https://www.jaquar.com/images/thumbs/0067170_sink-cock-graphite_960.jpeg,6600.00,"Sink Cock with Regular Swinging Spout (Wall Mounted Model) with Wall Flange
",https://www.jaquar.com/en/wall-sink-cock-queens?Id=5407,"Queen's, QQT-GRF-7347, Graphite"
Faucets,Queen's,5407,Sink Cock,Variant,461,Sink Cock - Stainless Steel,QQT-SSF-7347,Stainless Steel,https://www.jaquar.com/images/thumbs/0067164_sink-cock-stainless-steel_960.jpeg,6600.00,"Sink Cock with Regular Swinging Spout (Wall Mounted Model) with Wall Flange
",https://www.jaquar.com/en/wall-sink-cock-queens?Id=5407,"Queen's, QQT-SSF-7347, Stainless Steel"
Faucets,Queen's,5316,Bib Cock,Parent,462,Bib Cock - Chrome,QQT-CHR-7037,Chrome,https://www.jaquar.com/images/thumbs/0067216_bib-cock-chrome_960.jpeg,2750.00,"Bib Cock with Wall Flange
",https://www.jaquar.com/en/angular-bib-cock-queens?Id=5316,"Queen's, QQT-CHR-7037, Chrome"
Faucets,Queen's,5316,Bib Cock,Variant,462,Bib Cock - Antique Bronze,QQT-ABR-7037,Antique Bronze,https://www.jaquar.com/images/thumbs/0067264_bib-cock-antique-bronze_960.jpeg,4600.00,"Bib Cock with Wall Flange
",https://www.jaquar.com/en/angular-bib-cock-queens?Id=5316,"Queen's, QQT-ABR-7037, Antique Bronze"
Faucets,Queen's,5316,Bib Cock,Variant,462,Bib Cock - Antique Copper,QQT-ACR-7037,Antique Copper,https://www.jaquar.com/images/thumbs/0067249_bib-cock-antique-copper_960.jpeg,4600.00,"Bib Cock with Wall Flange
",https://www.jaquar.com/en/angular-bib-cock-queens?Id=5316,"Queen's, QQT-ACR-7037, Antique Copper"
Faucets,Queen's,5316,Bib Cock,Variant,462,Bib Cock - Black Chrome,QQT-BCH-7037,Black Chrome,https://www.jaquar.com/images/thumbs/0067234_bib-cock-black-chrome_960.jpeg,4050.00,"Bib Cock with Wall Flange
",https://www.jaquar.com/en/angular-bib-cock-queens?Id=5316,"Queen's, QQT-BCH-7037, Black Chrome"
Faucets,Queen's,5316,Bib Cock,Variant,462,Bib Cock - Black Matt,QQT-BLM-7037,Black Matt,https://www.jaquar.com/images/thumbs/0052546_bib-cock-black-matt_960.jpeg,4050.00,"Bib Cock with Wall Flange
",https://www.jaquar.com/en/angular-bib-cock-queens?Id=5316,"Queen's, QQT-BLM-7037, Black Matt"
Faucets,Queen's,5316,Bib Cock,Variant,462,Bib Cock - Graphite,QQT-GRF-7037,Graphite,https://www.jaquar.com/images/thumbs/0067185_bib-cock-graphite_960.jpeg,4600.00,"Bib Cock with Wall Flange
",https://www.jaquar.com/en/angular-bib-cock-queens?Id=5316,"Queen's, QQT-GRF-7037, Graphite"
Faucets,Queen's,5316,Bib Cock,Variant,462,Bib Cock - Stainless Steel,QQT-SSF-7037,Stainless Steel,https://www.jaquar.com/images/thumbs/0060373_bib-cock-stainless-steel_960.jpeg,4600.00,"Bib Cock with Wall Flange
",https://www.jaquar.com/en/angular-bib-cock-queens?Id=5316,"Queen's, QQT-SSF-7037, Stainless Steel"
Faucets,Queen's,5326,2 Way Bib Cock,Parent,463,2 Way Bib Cock - Chrome,QQT-CHR-7041,Chrome,https://www.jaquar.com/images/thumbs/0067214_2-way-bib-cock-chrome_960.jpeg,3350.00,"2-Way Bib Cock with Wall Flange
",https://www.jaquar.com/en/queen-2-way-bib-cock?Id=5326,"Queen's, QQT-CHR-7041, Chrome"
Faucets,Queen's,5326,2 Way Bib Cock,Variant,463,2 Way Bib Cock - Antique Bronze,QQT-ABR-7041,Antique Bronze,https://www.jaquar.com/images/thumbs/0067263_2-way-bib-cock-antique-bronze_960.jpeg,5650.00,"2-Way Bib Cock with Wall Flange
",https://www.jaquar.com/en/queen-2-way-bib-cock?Id=5326,"Queen's, QQT-ABR-7041, Antique Bronze"
Faucets,Queen's,5326,2 Way Bib Cock,Variant,463,2 Way Bib Cock - Antique Copper,QQT-ACR-7041,Antique Copper,https://www.jaquar.com/images/thumbs/0067248_2-way-bib-cock-antique-copper_960.jpeg,5650.00,"2-Way Bib Cock with Wall Flange
",https://www.jaquar.com/en/queen-2-way-bib-cock?Id=5326,"Queen's, QQT-ACR-7041, Antique Copper"
Faucets,Queen's,5326,2 Way Bib Cock,Variant,463,2 Way Bib Cock - Black Chrome,QQT-BCH-7041,Black Chrome,https://www.jaquar.com/images/thumbs/0067233_2-way-bib-cock-black-chrome_960.jpeg,4950.00,"2-Way Bib Cock with Wall Flange
",https://www.jaquar.com/en/queen-2-way-bib-cock?Id=5326,"Queen's, QQT-BCH-7041, Black Chrome"
Faucets,Queen's,5326,2 Way Bib Cock,Variant,463,2 Way Bib Cock - Black Matt,QQT-BLM-7041,Black Matt,https://www.jaquar.com/images/thumbs/0052606_2-way-bib-cock-black-matt_960.jpeg,4950.00,"2-Way Bib Cock with Wall Flange
",https://www.jaquar.com/en/queen-2-way-bib-cock?Id=5326,"Queen's, QQT-BLM-7041, Black Matt"
Faucets,Queen's,5326,2 Way Bib Cock,Variant,463,2 Way Bib Cock - Graphite,QQT-GRF-7041,Graphite,https://www.jaquar.com/images/thumbs/0067184_2-way-bib-cock-graphite_960.jpeg,5650.00,"2-Way Bib Cock with Wall Flange
",https://www.jaquar.com/en/queen-2-way-bib-cock?Id=5326,"Queen's, QQT-GRF-7041, Graphite"
Faucets,Queen's,5326,2 Way Bib Cock,Variant,463,2 Way Bib Cock - Stainless Steel,QQT-SSF-7041,Stainless Steel,https://www.jaquar.com/images/thumbs/0060374_2-way-bib-cock-stainless-steel_960.jpeg,5650.00,"2-Way Bib Cock with Wall Flange
",https://www.jaquar.com/en/queen-2-way-bib-cock?Id=5326,"Queen's, QQT-SSF-7041, Stainless Steel"
Faucets,Queen's,5336,Angular Stop Cock,Parent,464,Angular Stop Cock - Chrome,QQT-CHR-7053,Chrome,https://www.jaquar.com/images/thumbs/0067212_angular-stop-cock-chrome_960.jpeg,2075.00,"Angular Stop Cock with Wall Flange
",https://www.jaquar.com/en/queen-angle-valve?Id=5336,"Queen's, QQT-CHR-7053, Chrome"
Faucets,Queen's,5336,Angular Stop Cock,Variant,464,Angular Stop Cock - Antique Bronze,QQT-ABR-7053,Antique Bronze,https://www.jaquar.com/images/thumbs/0052946_angular-stop-cock-antique-bronze_960.jpeg,3500.00,"Angular Stop Cock with Wall Flange
",https://www.jaquar.com/en/queen-angle-valve?Id=5336,"Queen's, QQT-ABR-7053, Antique Bronze"
Faucets,Queen's,5336,Angular Stop Cock,Variant,464,Angular Stop Cock - Antique Copper,QQT-ACR-7053,Antique Copper,https://www.jaquar.com/images/thumbs/0060377_angular-stop-cock-antique-copper_960.jpeg,3500.00,"Angular Stop Cock with Wall Flange
",https://www.jaquar.com/en/queen-angle-valve?Id=5336,"Queen's, QQT-ACR-7053, Antique Copper"
Faucets,Queen's,5336,Angular Stop Cock,Variant,464,Angular Stop Cock - Black Chrome,QQT-BCH-7053,Black Chrome,https://www.jaquar.com/images/thumbs/0067232_angular-stop-cock-black-chrome_960.jpeg,3050.00,"Angular Stop Cock with Wall Flange
",https://www.jaquar.com/en/queen-angle-valve?Id=5336,"Queen's, QQT-BCH-7053, Black Chrome"
Faucets,Queen's,5336,Angular Stop Cock,Variant,464,Angular Stop Cock - Black Matt,QQT-BLM-7053,Black Matt,https://www.jaquar.com/images/thumbs/0060376_angular-stop-cock-black-matt_960.jpeg,3050.00,"Angular Stop Cock with Wall Flange
",https://www.jaquar.com/en/queen-angle-valve?Id=5336,"Queen's, QQT-BLM-7053, Black Matt"
Faucets,Queen's,5336,Angular Stop Cock,Variant,464,Angular Stop Cock - Graphite,QQT-GRF-7053,Graphite,https://www.jaquar.com/images/thumbs/0067183_angular-stop-cock-graphite_960.jpeg,3500.00,"Angular Stop Cock with Wall Flange
",https://www.jaquar.com/en/queen-angle-valve?Id=5336,"Queen's, QQT-GRF-7053, Graphite"
Faucets,Queen's,5336,Angular Stop Cock,Variant,464,Angular Stop Cock - Stainless Steel,QQT-SSF-7053,Stainless Steel,https://www.jaquar.com/images/thumbs/0060375_angular-stop-cock-stainless-steel_960.jpeg,3500.00,"Angular Stop Cock with Wall Flange
",https://www.jaquar.com/en/queen-angle-valve?Id=5336,"Queen's, QQT-SSF-7053, Stainless Steel"
Faucets,Queen's,5346,Exposed Part Kit of Concealed Stop Cock,Parent,1508,Exposed Part Kit of Concealed Stop Cock - Chrome, QQT-CHR-7083K,Chrome,https://www.jaquar.com/images/thumbs/0060478_exposed-part-kit-of-concealed-stop-cock-chrome_960.jpeg,1125.00,"Exposed Part Kit of Concealed Stop Cock & Flush Cock with Fitting Sleeve, Operating Lever & Adjustable Wall Flange with Seal (compatible with ALD-083R, ALD-083L, ALD-089R, ALD-089L or ALD-081)",https://www.jaquar.com/en/queens-exposed-stop-cock_ald-083_ald-089_ald-081?Id=5346,"Queen's,  QQT-CHR-7083K, Chrome"
Faucets,Queen's,5346,Exposed Part Kit of Concealed Stop Cock,Variant,1508,Exposed Part Kit of Concealed Stop Cock - Antique Bronze, QQT-ABR-7083K,Antique Bronze,https://www.jaquar.com/images/thumbs/0067262_exposed-part-kit-of-concealed-stop-cock-antique-bronze_960.jpeg,1875.00,"Exposed Part Kit of Concealed Stop Cock & Flush Cock with Fitting Sleeve, Operating Lever & Adjustable Wall Flange with Seal (compatible with ALD-083R, ALD-083L, ALD-089R, ALD-089L or ALD-081)",https://www.jaquar.com/en/queens-exposed-stop-cock_ald-083_ald-089_ald-081?Id=5346,"Queen's,  QQT-ABR-7083K, Antique Bronze"
Faucets,Queen's,5346,Exposed Part Kit of Concealed Stop Cock,Variant,1508,Exposed Part Kit of Concealed Stop Cock - Antique Copper,QQT-ACR-7083K,Antique Copper,https://www.jaquar.com/images/thumbs/0060480_exposed-part-kit-of-concealed-stop-cock-antique-copper_960.jpeg,1875.00,"Exposed Part Kit of Concealed Stop Cock & Flush Cock with Fitting Sleeve, Operating Lever & Adjustable Wall Flange with Seal (compatible with ALD-083R, ALD-083L, ALD-089R, ALD-089L or ALD-081)",https://www.jaquar.com/en/queens-exposed-stop-cock_ald-083_ald-089_ald-081?Id=5346,"Queen's, QQT-ACR-7083K, Antique Copper"
Faucets,Queen's,5346,Exposed Part Kit of Concealed Stop Cock,Variant,1508,Exposed Part Kit of Concealed Stop Cock - Black Chrome,QQT-BCH-7083K,Black Chrome,https://www.jaquar.com/images/thumbs/0060479_exposed-part-kit-of-concealed-stop-cock-black-chrome_960.jpeg,1675.00,"Exposed Part Kit of Concealed Stop Cock & Flush Cock with Fitting Sleeve, Operating Lever & Adjustable Wall Flange with Seal (compatible with ALD-083R, ALD-083L, ALD-089R, ALD-089L or ALD-081)",https://www.jaquar.com/en/queens-exposed-stop-cock_ald-083_ald-089_ald-081?Id=5346,"Queen's, QQT-BCH-7083K, Black Chrome"
Faucets,Queen's,5346,Exposed Part Kit of Concealed Stop Cock,Variant,1508,Exposed Part Kit of Concealed Stop Cock - Black Matt,QQT-BLM-7083K,Black Matt,https://www.jaquar.com/images/thumbs/0052652_exposed-part-kit-of-concealed-stop-cock-black-matt_960.jpeg,1675.00,"Exposed Part Kit of Concealed Stop Cock & Flush Cock with Fitting Sleeve, Operating Lever & Adjustable Wall Flange with Seal (compatible with ALD-083R, ALD-083L, ALD-089R, ALD-089L or ALD-081)",https://www.jaquar.com/en/queens-exposed-stop-cock_ald-083_ald-089_ald-081?Id=5346,"Queen's, QQT-BLM-7083K, Black Matt"
Faucets,Queen's,5346,Exposed Part Kit of Concealed Stop Cock,Variant,1508,Exposed Part Kit of Concealed Stop Cock - Graphite,QQT-GRF-7083K,Graphite,https://www.jaquar.com/images/thumbs/0067182_exposed-part-kit-of-concealed-stop-cock-graphite_960.jpeg,1875.00,"Exposed Part Kit of Concealed Stop Cock & Flush Cock with Fitting Sleeve, Operating Lever & Adjustable Wall Flange with Seal (compatible with ALD-083R, ALD-083L, ALD-089R, ALD-089L or ALD-081)",https://www.jaquar.com/en/queens-exposed-stop-cock_ald-083_ald-089_ald-081?Id=5346,"Queen's, QQT-GRF-7083K, Graphite"
Faucets,Queen's,5346,Exposed Part Kit of Concealed Stop Cock,Variant,1508,Exposed Part Kit of Concealed Stop Cock - Stainless Steel,QQT-SSF-7083K,Stainless Steel,https://www.jaquar.com/images/thumbs/0067166_exposed-part-kit-of-concealed-stop-cock-stainless-steel_960.jpeg,1875.00,"Exposed Part Kit of Concealed Stop Cock & Flush Cock with Fitting Sleeve, Operating Lever & Adjustable Wall Flange with Seal (compatible with ALD-083R, ALD-083L, ALD-089R, ALD-089L or ALD-081)",https://www.jaquar.com/en/queens-exposed-stop-cock_ald-083_ald-089_ald-081?Id=5346,"Queen's, QQT-SSF-7083K, Stainless Steel"
